{"count":1,"self":3.0356452,"total":5.8879836999999995,"children":{"InitializeActuators":{"count":1,"self":0.0010169,"total":0.0010169,"children":null},"InitializeSensors":{"count":1,"self":0.0025211,"total":0.0025211,"children":null},"AgentSendState":{"count":1134,"self":0.0497526,"total":0.12434619999999999,"children":{"CollectObservations":{"count":227,"self":0.0035069999999999997,"total":0.0035069999999999997,"children":null},"WriteActionMask":{"count":227,"self":0.0019971999999999998,"total":0.0019971999999999998,"children":null},"RequestDecision":{"count":227,"self":0.010082299999999999,"total":0.0690894,"children":{"AgentInfo.ToProto":{"count":227,"self":0.0055975,"total":0.0590071,"children":{"GenerateSensorData":{"count":227,"self":0.0493835,"total":0.053409599999999995,"children":{"RayPerceptionSensor.Perceive":{"count":227,"self":0.0040260999999999995,"total":0.0040260999999999995,"children":null}}}}}}}}},"DecideAction":{"count":1134,"self":2.6992236,"total":2.6992236,"children":null},"AgentAct":{"count":1134,"self":0.0227166,"total":0.024221299999999998,"children":{"AgentInfo.ToProto":{"count":1,"self":0,"total":0.0015046999999999999,"children":{"GenerateSensorData":{"count":1,"self":0.0015046999999999999,"total":0.0015046999999999999,"children":{"RayPerceptionSensor.Perceive":{"count":1,"self":0,"total":0,"children":null}}}}}}}},"gauges":{"WanderingAgent.CumulativeReward":{"count":1,"max":-1000.10565,"min":-1000.10565,"runningAverage":-1000.10565,"value":-1000.10565,"weightedAverage":-1000.10565}},"metadata":{"timer_format_version":"0.1.0","start_time_seconds":"1722945240","unity_version":"6000.0.10f1","command_line_arguments":"C:\\Program Files\\Unity\\Hub\\Editor\\6000.0.10f1\\Editor\\Unity.exe -projectpath C:\\Users\\3nigma\\source\\repos\\MLAgentsProject -useHub -hubIPC -cloudEnvironment production","communication_protocol_version":"1.5.0","com.unity.ml-agents_version":"3.0.0-exp.1","scene_name":"DemoScene","end_time_seconds":"1722945245"}}